id,y
3,no
6,no
10,no
11,no
13,no
16,no
20,no
21,no
24,no
28,no
29,no
43,no
47,no
49,no
61,no
62,no
68,no
73,no
75,no
78,no
80,no
85,no
87,no
88,no
91,no
93,no
94,no
101,no
113,no
116,no
131,no
132,no
133,no
136,no
139,no
142,no
143,no
144,no
149,no
157,no
159,no
161,no
163,no
165,no
167,no
170,no
178,no
184,no
189,no
192,no
201,no
208,no
221,no
222,no
224,no
226,no
238,no
254,no
255,no
264,no
265,no
270,no
271,no
275,no
278,no
287,no
289,no
291,no
292,no
295,no
296,no
297,no
307,no
309,no
311,no
328,no
330,no
334,no
335,no
336,no
345,no
350,no
365,no
381,no
385,no
389,no
394,no
395,no
405,no
413,no
414,no
425,no
427,no
428,no
435,no
440,no
442,no
446,no
447,no
449,no
460,no
463,no
468,no
469,no
483,no
484,no
491,no
494,no
501,no
503,no
504,no
510,no
515,no
525,no
529,no
538,no
545,no
550,no
568,no
569,no
570,no
583,no
584,no
585,no
594,no
608,no
609,no
611,no
632,no
636,no
642,no
646,no
656,no
682,no
684,no
685,no
693,no
697,no
700,no
704,no
711,no
714,no
719,no
728,no
732,no
737,no
738,no
741,no
745,no
747,no
752,no
758,no
762,no
764,no
765,no
777,no
780,no
785,no
791,no
792,no
797,no
800,no
803,no
804,no
810,no
811,no
812,no
813,no
816,no
826,no
833,no
839,no
841,no
859,no
861,no
867,no
872,no
875,no
881,no
883,no
890,no
897,no
903,no
907,no
915,no
916,no
920,no
923,no
925,no
945,no
953,no
956,no
958,no
959,no
961,no
967,no
970,no
976,no
980,no
981,no
983,no
985,no
986,no
990,no
991,no
992,no
997,no
999,no
1003,no
1014,no
1017,no
1019,no
1022,no
1024,no
1029,no
1036,no
1044,no
1045,no
1047,no
1049,no
1054,no
1057,no
1060,no
1063,no
1065,no
1071,no
1087,no
1091,no
1100,no
1112,no
1114,no
1119,no
1120,no
1124,no
1131,no
1132,no
1140,no
1157,no
1159,no
1160,no
1163,no
1168,no
1171,no
1185,no
1188,no
1190,no
1193,no
1194,no
1198,no
1199,no
1200,no
1203,no
1216,no
1218,no
1219,no
1222,no
1226,no
1228,no
1230,no
1231,no
1234,no
1240,no
1245,no
1247,no
1251,no
1258,no
1260,no
1270,no
1272,no
1287,no
1288,no
1297,no
1311,no
1313,no
1318,no
1319,no
1321,no
1324,no
1329,no
1331,no
1334,no
1338,no
1350,no
1357,no
1360,no
1397,no
1401,no
1402,no
1407,no
1409,no
1414,no
1418,no
1426,no
1427,no
1432,no
1442,no
1447,no
1452,no
1472,no
1480,no
1488,no
1489,no
1492,no
1494,no
1496,no
1502,no
1505,no
1513,no
1514,no
1522,no
1529,no
1533,no
1536,no
1538,no
1543,no
1544,no
1549,no
1550,no
1551,no
1552,no
1553,no
1554,no
1555,no
1556,no
1565,no
1567,no
1570,no
1573,no
1576,no
1580,no
1584,no
1588,no
1592,no
1596,no
1600,no
1601,no
1606,no
1610,no
1613,no
1617,no
1632,no
1636,no
1643,no
1647,no
1650,no
1654,no
1656,no
1666,no
1676,no
1682,no
1683,no
1689,no
1691,no
1697,no
1698,no
1700,no
1706,no
1714,no
1719,no
1723,no
1728,no
1729,no
1734,no
1735,no
1742,no
1744,no
1749,no
1751,no
1761,no
1763,no
1765,no
1766,no
1767,no
1778,no
1781,no
1786,no
1787,no
1788,no
1789,no
1792,no
1793,no
1802,no
1806,no
1811,no
1812,no
1815,no
1822,no
1832,no
1835,no
1838,no
1846,no
1847,no
1850,no
1856,no
1857,no
1871,no
1877,no
1881,no
1886,no
1894,no
1896,no
1912,no
1913,no
1916,no
1923,no
1924,no
1926,no
1931,no
1938,no
1946,no
1953,no
1954,no
1962,no
1969,no
1970,no
1989,no
2003,no
2012,no
2019,no
2025,no
2027,no
2037,no
2039,no
2040,no
2049,no
2050,no
2052,no
2053,no
2054,no
2060,no
2065,no
2070,no
2071,no
2074,no
2077,no
2080,no
2084,no
2085,no
2086,no
2087,no
2092,no
2094,no
2106,no
2107,no
2108,no
2109,no
2122,no
2124,no
2125,no
2129,no
2130,no
2135,no
2148,no
2155,no
2161,no
2167,no
2169,no
2177,no
2193,no
2194,no
2205,no
2216,no
2222,no
2224,no
2228,no
2237,no
2239,no
2243,no
2248,no
2250,no
2253,no
2255,no
2265,no
2266,no
2267,no
2270,no
2274,no
2275,no
2290,no
2298,no
2299,no
2300,no
2303,no
2310,no
2316,no
2324,no
2325,no
2326,no
2327,no
2334,no
2347,no
2348,no
2355,no
2363,no
2366,no
2369,no
2370,no
2374,no
2378,no
2383,no
2384,no
2385,no
2391,no
2400,no
2401,no
2409,no
2416,no
2419,no
2433,no
2441,no
2449,no
2451,no
2453,no
2456,no
2459,no
2478,no
2488,no
2496,no
2499,no
2507,no
2513,no
2514,no
2515,no
2516,no
2524,no
2527,no
2536,no
2551,no
2559,no
2562,no
2567,no
2571,no
2573,no
2577,no
2583,no
2591,no
2596,no
2599,no
2600,no
2607,no
2609,no
2615,no
2640,no
2643,no
2650,no
2656,no
2667,no
2673,no
2680,no
2682,no
2688,no
2692,no
2695,no
2696,no
2699,no
2701,no
2705,no
2706,no
2708,no
2719,no
2722,no
2726,no
2727,no
2730,no
2736,no
2738,no
2740,no
2743,no
2745,no
2762,no
2772,no
2775,no
2787,no
2792,no
2802,no
2805,no
2807,no
2814,no
2815,no
2824,no
2825,no
2828,no
2832,no
2834,no
2839,no
2845,no
2847,no
2850,no
2852,no
2855,no
2858,no
2864,no
2868,no
2873,no
2878,no
2881,no
2904,no
2907,no
2908,no
2916,no
2917,no
2930,no
2931,no
2933,no
2935,no
2937,no
2941,no
2943,no
2945,no
2951,no
2956,no
2974,no
2978,no
2988,no
3002,no
3014,no
3016,no
3021,no
3023,no
3024,no
3027,no
3029,no
3030,no
3035,no
3039,no
3044,no
3045,no
3048,no
3051,no
3064,no
3078,no
3080,no
3083,no
3084,no
3087,no
3089,no
3098,no
3099,no
3102,no
3107,no
3108,no
3116,no
3118,no
3120,no
3123,no
3126,no
3129,no
3140,no
3143,no
3149,no
3163,no
3172,no
3182,no
3185,no
3187,no
3190,no
3195,no
3202,no
3207,no
3209,no
3214,no
3219,no
3235,no
3236,no
3239,no
3244,no
3245,no
3254,no
3257,no
3262,no
3270,no
3278,no
3279,no
3284,no
3286,no
3290,no
3299,no
3306,no
3309,no
3310,no
3312,no
3314,no
3327,no
3334,no
3336,no
3354,no
3355,no
3361,no
3364,no
3366,no
3371,no
3382,no
3385,no
3386,no
3399,no
3402,no
3413,no
3414,no
3415,no
3417,no
3424,no
3425,no
3427,no
3431,no
3436,no
3444,no
3445,no
3446,no
3447,no
3470,no
3472,no
3473,no
3478,no
3483,no
3485,no
3492,no
3497,no
3499,no
3503,no
3523,no
3524,no
3534,no
3567,no
3579,no
3590,no
3591,no
3592,no
3593,no
3597,no
3598,no
3612,no
3632,no
3633,no
3634,no
3637,no
3639,no
3648,no
3649,no
3653,no
3662,no
3667,no
3679,no
3682,no
3687,no
3691,no
3694,no
3696,no
3701,no
3702,no
3707,no
3712,no
3714,no
3723,no
3725,no
3727,no
3735,no
3739,no
3745,no
3753,no
3759,no
3761,no
3764,no
3776,no
3777,no
3780,no
3785,no
3789,no
3793,no
3796,no
3797,no
3799,no
3802,no
3810,no
3812,no
3818,no
3822,no
3826,no
3827,no
3830,no
3833,no
3835,no
3842,no
3847,no
3854,no
3857,no
3859,no
3870,no
3871,no
3872,no
3880,no
3889,no
3897,no
3916,no
3920,no
3922,no
3923,no
3929,no
3946,no
3956,no
3958,no
3959,no
3970,no
3974,no
3975,no
3977,no
3980,no
3982,no
3990,no
3993,no
3999,no
4008,no
4025,no
4029,no
4030,no
4031,no
4036,no
4042,no
4049,no
4052,no
4053,no
4062,no
4066,no
4072,no
4087,no
4089,no
4091,no
4100,no
4102,no
4105,no
4111,no
4112,no
4113,no
4121,no
4129,no
4130,no
4135,no
4139,no
4143,no
4144,no
4145,no
4147,no
4156,no
4157,no
4158,no
4162,no
4170,no
4171,no
4176,no
4177,no
4178,no
4181,no
4184,no
4186,no
4190,no
4194,no
4198,no
4202,no
4203,no
4204,no
4207,no
4210,no
4214,no
4222,no
4228,no
4229,no
4232,no
4236,no
4244,no
4258,no
4261,no
4265,no
4269,no
4272,no
4277,no
4280,no
4290,no
4295,no
4296,no
4302,no
4303,no
4304,no
4307,no
4308,no
4313,no
4317,no
4324,no
4327,no
4330,no
4333,no
4339,no
4343,no
4344,no
4349,no
4350,no
4352,no
4359,no
4364,no
4365,no
4366,no
4367,no
4371,no
4376,no
4383,no
4389,no
4399,no
4401,no
4403,no
4408,no
4410,no
4415,no
4418,no
4419,no
4422,no
4429,no
4431,no
4433,no
4436,no
4438,no
4447,no
4451,no
4452,no
4459,no
4461,no
4467,no
4471,no
4493,no
4497,no
4499,no
4505,no
4506,no
4508,no
4509,no
4515,no
4531,no
4533,no
4539,no
4544,no
4550,no
4553,no
4554,no
4559,no
4562,no
4574,no
4580,no
4582,no
4584,no
4585,no
4589,no
4596,no
4597,no
4605,no
4616,no
4619,no
4622,no
4625,no
4630,no
4638,no
4642,no
4645,no
4646,no
4649,no
4651,no
4652,no
4660,no
4661,no
4662,no
4669,no
4671,no
4672,no
4679,no
4698,no
4699,no
4707,no
4709,no
4712,no
4713,no
4717,no
4733,no
4737,no
4751,no
4753,no
4758,no
4768,no
4773,no
4776,no
4786,no
4789,no
4793,no
4794,no
4802,no
4803,no
4814,no
4816,no
4819,no
4826,no
4829,no
4831,no
4839,no
4844,no
4845,no
4846,no
4854,no
4856,no
4857,no
4858,no
4866,no
4867,no
4872,no
4876,no
4877,no
4884,no
4887,no
4888,no
4889,no
4896,no
4901,no
4916,no
4919,no
4921,no
4942,no
4943,no
4946,no
4948,no
4950,no
4951,no
4955,no
4962,no
4965,no
4970,no
4971,no
4978,no
4986,no
4991,no
5010,no
5024,no
5029,no
5030,no
5032,no
5039,no
5040,no
5056,no
5057,no
5060,no
5072,no
5078,no
5082,no
5085,no
5088,no
5090,no
5098,no
5104,no
5105,no
5106,no
5107,no
5109,no
5112,no
5113,no
5114,no
5126,no
5129,no
5133,no
5134,no
5143,no
5145,no
5151,no
5152,no
5155,no
5157,no
5159,no
5161,no
5162,no
5170,no
5184,no
5186,no
5202,no
5209,no
5212,no
5213,no
5237,no
5241,no
5248,no
5250,no
5251,no
5256,no
5257,no
5268,no
5274,no
5292,no
5293,no
5294,no
5298,no
5309,no
5310,no
5314,no
5321,no
5327,no
5331,no
5333,no
5336,no
5348,no
5350,no
5353,no
5358,no
5362,no
5363,no
5380,no
5381,no
5387,no
5389,no
5391,no
5392,no
5400,no
5401,no
5406,no
5414,no
5423,no
5425,no
5441,no
5445,no
5450,no
5451,no
5459,no
5480,no
5494,no
5495,no
5500,no
5502,no
5510,no
5516,no
5517,no
5531,no
5539,no
5552,no
5557,no
5565,no
5578,no
5587,no
5591,no
5592,no
5593,no
5618,no
5623,no
5631,no
5636,no
5639,no
5640,no
5649,no
5663,no
5673,no
5674,no
5680,no
5688,no
5689,no
5690,no
5695,no
5697,no
5698,no
5699,no
5704,no
5713,no
5715,no
5728,no
5729,no
5733,no
5744,no
5748,no
5750,no
5752,no
5753,no
5771,no
5776,no
5779,no
5784,no
5785,no
5793,no
5794,no
5797,no
5802,no
5803,no
5804,no
5810,no
5824,no
5829,no
5837,no
5840,no
5841,no
5842,no
5846,no
5849,no
5852,no
5855,no
5856,no
5859,no
5865,no
5866,no
5868,no
5870,no
5871,no
5872,no
5878,no
5879,no
5883,no
5884,no
5886,no
5894,no
5896,no
5899,no
5902,no
5907,no
5939,no
5940,no
5941,no
5950,no
5956,no
5964,no
5969,no
5972,no
5973,no
5978,no
5981,no
5991,no
5993,no
5994,no
6006,no
6010,no
6015,no
6018,no
6023,no
6024,no
6025,no
6030,no
6031,no
6034,no
6044,no
6045,no
6047,no
6048,no
6049,no
6056,no
6062,no
6064,no
6067,no
6068,no
6075,no
6076,no
6084,no
6089,no
6093,no
6097,no
6098,no
6100,no
6106,no
6112,no
6115,no
6121,no
6135,no
6136,no
6160,no
6161,no
6162,no
6171,no
6174,no
6177,no
6178,no
6179,no
6180,no
6187,no
6188,no
6190,no
6198,no
6199,no
6200,no
6207,no
6208,no
6220,no
6224,no
6225,no
6228,no
6236,no
6241,no
6243,no
6247,no
6248,no
6249,no
6253,no
6254,no
6263,no
6269,no
6279,no
6281,no
6289,no
6302,no
6308,no
6312,no
6315,no
6328,no
6331,no
6332,no
6336,no
6338,no
6340,no
6346,no
6347,no
6349,no
6350,no
6353,no
6358,no
6363,no
6374,no
6376,no
6378,no
6379,no
6388,no
6389,no
6394,no
6401,no
6402,no
6412,no
6421,no
6423,no
6434,no
6435,no
6441,no
6443,no
6446,no
6448,no
6449,no
6455,no
6457,no
6474,no
6476,no
6480,no
6485,no
6490,no
6494,no
6512,no
6513,no
6514,no
6519,no
6523,no
6529,no
6533,no
6538,no
6541,no
6543,no
6546,no
6554,no
6560,no
6564,no
6565,no
6570,no
6572,no
6588,no
6589,no
6595,no
6598,no
6599,no
6605,no
6606,no
6607,no
6609,no
6619,no
6621,no
6630,no
6636,no
6646,no
6659,no
6661,no
6663,no
6665,no
6667,no
6672,no
6685,no
6686,no
6688,no
6699,no
6702,no
6708,no
6710,no
6715,no
6716,no
6718,no
6724,no
6725,no
6726,no
6728,no
6732,no
6735,no
6738,no
6743,no
6744,no
6752,no
6756,no
6757,no
6758,no
6770,no
6772,no
6776,no
6780,no
6791,no
6797,no
6808,no
6811,no
6816,no
6817,no
6819,no
6821,no
6827,no
6832,no
6833,no
6838,no
6842,no
6845,no
6846,no
6850,no
6856,no
6859,no
6868,no
6873,no
6874,no
6879,no
6885,no
6890,no
6892,no
6896,no
6899,no
6901,no
6906,no
6907,no
6908,no
6915,no
6918,no
6923,no
6926,no
6937,no
6947,no
6948,no
6951,no
6962,no
6964,no
6967,no
6979,no
6990,no
6991,no
6993,no
7007,no
7010,no
7015,no
7019,no
7021,no
7024,no
7030,no
7037,no
7039,no
7045,no
7054,no
7056,no
7057,no
7062,no
7067,no
7070,no
7074,no
7087,no
7089,no
7108,no
7109,no
7136,no
7150,no
7151,no
7154,no
7156,no
7162,no
7165,no
7167,no
7172,no
7175,no
7177,no
7184,no
7201,no
7204,no
7208,no
7209,no
7210,no
7218,no
7219,no
7226,no
7228,no
7230,no
7232,no
7235,no
7242,no
7243,no
7244,no
7253,no
7258,no
7260,no
7261,no
7263,no
7264,no
7267,no
7269,no
7273,no
7280,no
7286,no
7289,no
7295,no
7297,no
7303,no
7307,no
7309,no
7318,no
7320,no
7321,no
7328,no
7336,no
7344,no
7346,no
7354,no
7365,no
7366,no
7370,no
7378,no
7381,no
7384,no
7387,no
7393,no
7397,no
7399,no
7408,no
7411,no
7420,no
7425,no
7431,no
7440,no
7442,no
7450,no
7454,no
7455,no
7461,no
7464,no
7476,no
7481,no
7490,no
7493,no
7494,no
7506,no
7512,no
7513,no
7519,no
7536,no
7540,no
7547,no
7553,no
7567,no
7571,no
7575,no
7576,no
7577,no
7579,no
7585,no
7589,no
7593,no
7594,no
7597,no
7600,no
7614,no
7636,no
7648,no
7653,no
7655,no
7671,no
7683,no
7689,no
7694,no
7695,no
7699,no
7705,no
7706,no
7713,no
7714,no
7719,no
7723,no
7725,no
7734,no
7735,no
7737,no
7739,no
7743,no
7746,no
7748,no
7759,no
7775,no
7783,no
7786,no
7789,no
7790,no
7797,no
7808,no
7810,no
7814,no
7817,no
7820,no
7823,no
7826,no
7827,no
7832,no
7837,no
7848,no
7853,no
7855,no
7860,no
7864,no
7868,no
7870,no
7872,no
7877,no
7886,no
7888,no
7901,no
7905,no
7911,no
7914,no
7922,no
7927,no
7929,no
7933,no
7937,no
7945,no
7949,no
7952,no
7955,no
7957,no
7967,no
7976,no
7981,no
7988,no
7993,no
7994,no
7998,no
8000,no
8001,no
8005,no
8006,no
8008,no
8030,no
8035,no
8038,no
8044,no
8052,no
8096,no
8103,no
8105,no
8110,no
8119,no
8122,no
8123,no
8127,no
8131,no
8133,no
8137,no
8138,no
8144,no
8154,no
8161,no
8164,no
8165,no
8177,no
8181,no
8185,no
8187,no
8189,no
8201,no
8210,no
8211,no
8216,no
8218,no
8222,no
8224,no
8227,no
8229,no
8231,no
8233,no
8245,no
8246,no
8248,no
8263,no
8269,no
8272,no
8274,no
8280,no
8287,no
8293,no
8294,no
8303,no
8312,no
8318,no
8323,no
8331,no
8335,no
8336,no
8348,no
8352,no
8355,no
8356,no
8361,no
8364,no
8365,no
8376,no
8379,no
8382,no
8390,no
8396,no
8401,no
8402,no
8405,no
8406,no
8408,no
8414,no
8421,no
8424,no
8425,no
8428,no
8430,no
8434,no
8438,no
8441,no
8442,no
8448,no
8449,no
8451,no
8453,no
8455,no
8458,no
8461,no
8462,no
8464,no
8466,no
8469,no
8480,no
8484,no
8499,no
8514,no
8520,no
8527,no
8528,no
8537,no
8539,no
8540,no
8544,no
8553,no
8554,no
8556,no
8557,no
8558,no
8562,no
8567,no
8571,no
8575,no
8580,no
8585,no
8589,no
8590,no
8595,no
8603,no
8605,no
8616,no
8617,no
8618,no
8622,no
8632,no
8633,no
8635,no
8636,no
8637,no
8643,no
8650,no
8655,no
8657,no
8663,no
8665,no
8672,no
8677,no
8686,no
8690,no
8701,no
8712,no
8713,no
8715,no
8720,no
8726,no
8727,no
8733,no
8736,no
8740,no
8742,no
8743,no
8744,no
8747,no
8749,no
8751,no
8755,no
8758,no
8763,no
8773,no
8775,no
8778,no
8790,no
8792,no
8795,no
8798,no
8801,no
8804,no
8807,no
8813,no
8814,no
8829,no
8837,no
8843,no
8847,no
8864,no
8865,no
8872,no
8873,no
8884,no
8885,no
8886,no
8889,no
8890,no
8891,no
8893,no
8894,no
8901,no
8904,no
8913,no
8915,no
8927,no
8929,no
8930,no
8935,no
8936,no
8938,no
8950,no
8966,no
8971,no
8973,no
8979,no
8999,no
9000,no
9008,no
9012,no
9014,no
9018,no
9024,no
9036,no
9038,no
9042,no
9052,no
9060,no
9065,no
9069,no
9071,no
9085,no
9088,no
9092,no
9096,no
9099,no
9105,no
9110,no
9113,no
9120,no
9121,no
9125,no
9129,no
9139,no
9153,no
9155,no
9167,no
9172,no
9182,no
9183,no
9209,no
9214,no
9219,no
9227,no
9228,no
9254,no
9257,no
9262,no
9273,no
9279,no
9280,no
9283,no
9286,no
9287,no
9314,no
9320,no
9326,no
9329,no
9333,no
9338,no
9339,no
9350,no
9359,no
9363,no
9364,no
9375,no
9376,no
9377,no
9382,no
9383,no
9385,no
9396,no
9420,no
9436,no
9438,no
9442,no
9458,no
9460,no
9463,no
9469,no
9479,no
9480,no
9482,no
9484,no
9487,no
9491,no
9492,no
9505,no
9508,no
9509,no
9511,no
9512,no
9514,no
9521,no
9522,no
9523,no
9524,no
9525,no
9529,no
9532,no
9541,no
9543,no
9560,no
9566,no
9572,no
9573,no
9576,no
9577,no
9583,no
9589,no
9590,no
9595,no
9597,no
9604,no
9610,no
9613,no
9619,no
9621,no
9624,no
9626,no
9630,no
9633,no
9640,no
9643,no
9655,no
9659,no
9664,no
9665,no
9671,no
9672,no
9675,no
9680,no
9684,no
9687,no
9691,no
9693,no
9710,no
9711,no
9719,no
9725,no
9729,no
9741,no
9747,no
9750,no
9751,no
9753,no
9757,no
9763,no
9764,no
9765,no
9767,no
9771,no
9773,no
9780,no
9783,no
9794,no
9796,no
9798,no
9800,no
9803,no
9808,no
9811,no
9817,no
9818,no
9822,no
9832,no
9836,no
9841,no
9847,no
9861,no
9868,no
9875,no
9876,no
9889,no
9890,no
9896,no
9902,no
9907,no
9912,no
9915,no
9916,no
9930,no
9931,no
9936,no
9944,no
9946,no
9957,no
9959,no
9970,no
9971,no
9974,no
9983,no
9986,no
10005,no
10015,no
10022,no
10034,no
10036,no
10038,no
10039,no
10046,no
10047,no
10048,no
10052,no
10062,no
10069,no
10073,no
10074,no
10078,no
10081,no
10088,no
10092,no
10097,no
10098,no
10099,no
10103,no
10109,no
10110,no
10114,no
10115,no
10119,no
10128,no
10130,no
10132,no
10138,no
10153,no
10154,no
10164,no
10168,no
10171,no
10174,no
10178,no
10185,no
10205,no
10213,no
10216,no
10217,no
10218,no
10220,no
10231,no
10232,no
10239,no
10242,no
10243,no
10245,no
10248,no
10252,no
10253,no
10255,no
10264,no
10270,no
10277,no
10284,no
10285,no
10296,no
10306,no
10309,no
10311,no
10314,no
10324,no
10338,no
10345,no
10358,no
10359,no
10370,no
10375,no
10376,no
10380,no
10388,no
10403,no
10405,no
10406,no
10409,no
10411,no
10415,no
10419,no
10421,no
10422,no
10424,no
10434,no
10436,no
10442,no
10444,no
10450,no
10464,no
10469,no
10472,no
10474,no
10475,no
10485,no
10497,no
10506,no
10517,no
10520,no
10530,no
10531,no
10543,no
10555,no
10564,no
10566,no
10568,no
10577,no
10581,no
10587,no
10592,no
10596,no
10599,no
10604,no
10605,no
10611,no
10613,no
10614,no
10618,no
10621,no
10623,no
10624,no
10627,no
10629,no
10636,no
10649,no
10651,no
10654,no
10656,no
10673,no
10675,no
10676,no
10678,no
10681,no
10685,no
10690,no
10698,no
10703,no
10706,no
10707,no
10709,no
10715,no
10716,no
10720,no
10726,no
10739,no
10742,no
10759,no
10762,no
10766,no
10781,no
10782,no
10786,no
10787,no
10789,no
10795,no
10806,no
10807,no
10814,no
10815,no
10818,no
10819,no
10820,no
10822,no
10831,no
10840,no
10841,no
10842,no
10844,no
10846,no
10849,no
10855,no
10856,no
10861,no
10867,no
10868,no
10869,no
10870,no
10872,no
10875,no
10877,no
10883,no
10891,no
10896,no
10897,no
10906,no
10907,no
10909,no
10911,no
10916,no
10917,no
10919,no
10920,no
10923,no
10927,no
10944,no
10955,no
10956,no
10959,no
10964,no
10974,no
10975,no
10989,no
10991,no
10994,no
10995,no
10996,no
10998,no
10999,no
11000,no
11008,no
11012,no
11013,no
11014,no
11018,no
11030,no
11041,no
11045,no
11050,no
11053,no
11061,no
11074,no
11075,no
11077,no
11084,no
11087,no
11099,no
11104,no
11113,no
11115,no
11120,no
11131,no
11132,no
11133,no
11146,no
11148,no
11151,no
11153,no
11166,no
11170,no
11172,no
11177,no
11186,no
11187,no
11195,no
11198,no
11199,no
11202,no
11212,no
11220,no
11225,no
11226,no
11229,no
11231,no
11232,no
11233,no
11242,no
11251,no
11253,no
11265,no
11271,no
11279,no
11285,no
11286,no
11288,no
11306,no
11307,no
11322,no
11323,no
11340,no
11341,no
11349,no
11353,no
11354,no
11357,no
11359,no
11360,no
11364,no
11378,no
11383,no
11385,no
11389,no
11400,no
11401,no
11405,no
11406,no
11418,no
11426,no
11427,no
11437,no
11442,no
11443,no
11446,no
11450,no
11451,no
11460,no
11464,no
11466,no
11473,no
11478,no
11486,no
11493,no
11494,no
11496,no
11506,no
11507,no
11529,no
11533,no
11538,no
11542,no
11544,no
11545,no
11547,no
11557,no
11558,no
11567,no
11568,no
11570,no
11577,no
11579,no
11580,no
11581,no
11583,no
11593,no
11594,no
11598,no
11601,no
11608,no
11628,no
11630,no
11632,no
11634,no
11647,no
11673,no
11692,no
11694,no
11696,no
11698,no
11704,no
11708,no
11716,no
11717,no
11719,no
11737,no
11738,no
11739,no
11741,no
11746,no
11751,no
11754,no
11763,no
11771,no
11772,no
11786,no
11793,no
11799,no
11803,no
11806,no
11808,no
11809,no
11826,no
11828,no
11835,no
11839,no
11861,no
11862,no
11864,no
11873,no
11876,no
11879,no
11883,no
11887,no
11892,no
11898,no
11902,no
11909,no
11922,no
11924,no
11927,no
11929,no
11942,no
11943,no
11944,no
11945,no
11949,no
11950,no
11952,no
11955,no
11962,no
11988,no
11999,no
12011,no
12013,no
12023,no
12024,no
12027,no
12032,no
12035,no
12038,no
12044,no
12049,no
12055,no
12057,no
12059,no
12068,no
12069,no
12072,no
12075,no
12076,no
12079,no
12081,no
12082,no
12085,no
12093,no
12096,no
12097,no
12099,no
12104,no
12128,no
12131,no
12136,no
12140,no
12144,no
12145,no
12149,no
12154,no
12157,no
12162,no
12168,no
12174,no
12176,no
12190,no
12192,no
12195,no
12199,no
12206,no
12210,no
12224,no
12225,no
12231,no
12237,no
12244,no
12246,no
12251,no
12261,no
12272,no
12274,no
12277,no
12280,no
12283,no
12287,no
12293,no
12294,no
12297,no
12298,no
12305,no
12307,no
12308,no
12316,no
12317,no
12318,no
12329,no
12337,no
12338,no
12340,no
12349,no
12350,no
12385,no
12386,no
12390,no
12414,no
12417,no
12420,no
12422,no
12432,no
12441,no
12444,no
12447,no
12449,no
12454,no
12463,no
12467,no
12475,no
12479,no
12497,no
12499,no
12500,no
12510,no
12524,no
12534,no
12537,no
12546,no
12548,no
12550,no
12551,no
12552,no
12560,no
12563,no
12565,no
12566,no
12569,no
12576,no
12584,no
12585,no
12587,no
12589,no
12591,no
12600,no
12602,no
12604,no
12606,no
12611,no
12615,no
12619,no
12621,no
12629,no
12631,no
12633,no
12634,no
12638,no
12646,no
12654,no
12660,no
12665,no
12670,no
12672,no
12677,no
12680,no
12683,no
12691,no
12704,no
12706,no
12711,no
12712,no
12714,no
12717,no
12723,no
12732,no
12737,no
12740,no
12741,no
12745,no
12747,no
12748,no
12759,no
12774,no
12776,no
12781,no
12785,no
12787,no
12788,no
12790,no
12792,no
12802,no
12808,no
12809,no
12811,no
12823,no
12825,no
12832,no
12835,no
12866,no
12868,no
12869,no
12884,no
12889,no
12893,no
12894,no
12899,no
12905,no
12908,no
12919,no
12920,no
12933,no
12934,no
12935,no
12938,no
12944,no
12946,no
12952,no
12955,no
12969,no
12972,no
12975,no
12977,no
12989,no
12990,no
12992,no
12993,no
12998,no
13000,no
13015,no
13017,no
13018,no
13022,no
13023,no
13031,no
13040,no
13043,no
13065,no
13069,no
13072,no
13074,no
13075,no
13078,no
13083,no
13091,no
13093,no
13094,no
13096,no
13101,no
13105,no
13106,no
13108,no
13115,no
13127,no
13129,no
13133,no
13137,no
13143,no
13145,no
13149,no
13164,no
13172,no
13173,no
13174,no
13176,no
13180,no
13181,no
13182,no
13188,no
13193,no
13208,no
13210,no
13219,no
13229,no
13231,no
13237,no
13244,no
13246,no
13247,no
13254,no
13256,no
13265,no
13267,no
13274,no
13289,no
13297,no
13307,no
13311,no
13312,no
13318,no
13324,no
13327,no
13334,no
13340,no
13341,no
13344,no
13355,no
13361,no
13363,no
13366,no
13368,no
13373,no
13374,no
13375,no
13380,no
13381,no
13385,no
13386,no
13394,no
13396,no
13400,no
13406,no
13408,no
13411,no
13413,no
13415,no
13416,no
13417,no
13424,no
13429,no
13430,no
13438,no
13441,no
13443,no
13450,no
13452,no
13455,no
13464,no
13482,no
13483,no
13484,no
13492,no
13516,no
13524,no
13526,no
13529,no
13558,no
13559,no
13561,no
13562,no
13563,no
13566,no
13567,no
13568,no
13574,no
13585,no
13591,no
13611,no
13617,no
13619,no
13620,no
13622,no
13636,no
13638,no
13648,no
13653,no
13664,no
13665,no
13667,no
13671,no
13678,no
13680,no
13685,no
13687,no
13690,no
13692,no
13693,no
13697,no
13698,no
13700,no
13703,no
13712,no
13718,no
13723,no
13727,no
13732,no
13735,no
13736,no
13737,no
13739,no
13747,no
13755,no
13757,no
13762,no
13764,no
13765,no
13769,no
13783,no
13786,no
13787,no
13797,no
13805,no
13812,no
13815,no
13823,no
13824,no
13828,no
13832,no
13834,no
13843,no
13851,no
13852,no
13856,no
13864,no
13866,no
13877,no
13902,no
13904,no
13906,no
13918,no
13919,no
13927,no
13935,no
13940,no
13941,no
13953,no
13961,no
13965,no
13970,no
13976,no
13982,no
13985,no
13992,no
14004,no
14005,no
14009,no
14012,no
14014,no
14016,no
14017,no
14018,no
14021,no
14022,no
14025,no
14026,no
14028,no
14036,no
14041,no
14048,no
14049,no
14051,no
14057,no
14061,no
14062,no
14075,no
14076,no
14086,no
14096,no
14098,no
14101,no
14113,no
14118,no
14120,no
14148,no
14153,no
14162,no
14163,no
14164,no
14176,no
14196,no
14200,no
14203,no
14204,no
14209,no
14220,no
14222,no
14224,no
14227,no
14235,no
14241,no
14242,no
14251,no
14259,no
14262,no
14263,no
14273,no
14279,no
14280,no
14288,no
14289,no
14295,no
14301,no
14313,no
14315,no
14316,no
14320,no
14322,no
14323,no
14331,no
14333,no
14334,no
14338,no
14351,no
14355,no
14359,no
14363,no
14365,no
14369,no
14370,no
14386,no
14392,no
14393,no
14394,no
14403,no
14407,no
14409,no
14413,no
14416,no
14420,no
14422,no
14433,no
14449,no
14453,no
14454,no
14462,no
14463,no
14464,no
14467,no
14469,no
14473,no
14474,no
14482,no
14483,no
14489,no
14495,no
14504,no
14512,no
14513,no
14514,no
14523,no
14526,no
14527,no
14544,no
14546,no
14548,no
14549,no
14555,no
14560,no
14565,no
14575,no
14577,no
14578,no
14580,no
14587,no
14589,no
14591,no
14607,no
14617,no
14622,no
14623,no
14626,no
14627,no
14628,no
14643,no
14645,no
14656,no
14661,no
14664,no
14668,no
14671,no
14678,no
14685,no
14687,no
14689,no
14694,no
14697,no
14699,no
14708,no
14715,no
14719,no
14720,no
14724,no
14725,no
14728,no
14735,no
14737,no
14740,no
14744,no
14750,no
14751,no
14752,no
14753,no
14762,no
14763,no
14769,no
14771,no
14775,no
14779,no
14785,no
14789,no
14790,no
14794,no
14797,no
14798,no
14800,no
14809,no
14816,no
14818,no
14825,no
14826,no
14829,no
14835,no
14837,no
14840,no
14855,no
14863,no
14866,no
14867,no
14873,no
14874,no
14878,no
14885,no
14888,no
14890,no
14891,no
14893,no
14897,no
14900,no
14906,no
14920,no
14921,no
14922,no
14925,no
14927,no
14928,no
14931,no
14932,no
14936,no
14938,no
14946,no
14949,no
14950,no
14955,no
14962,no
14964,no
14965,no
14974,no
14978,no
14982,no
14988,no
14990,no
14991,no
14993,no
15006,no
15008,no
15009,no
15018,no
15021,no
15027,no
15036,no
15038,no
15047,no
15052,no
15059,no
15062,no
15065,no
15066,no
15075,no
15079,no
15084,no
15089,no
15090,no
15108,no
15119,no
15121,no
15129,no
15130,no
15138,no
15141,no
15164,no
15174,no
15176,no
15178,no
15184,no
15185,no
15186,no
15189,no
15195,no
15205,no
15215,no
15216,no
15221,no
15231,no
15234,no
15241,no
15247,no
15252,no
15254,no
15260,no
15265,no
15266,no
15286,no
15289,no
15293,no
15300,no
15304,no
15305,no
15316,no
15321,no
15329,no
15338,no
15339,no
15344,no
15373,no
15378,no
15379,no
15380,no
15392,no
15394,no
15398,no
15402,no
15410,no
15416,no
15417,no
15426,no
15440,no
15444,no
15459,no
15465,no
15471,no
15490,no
15491,no
15492,no
15497,no
15508,no
15509,no
15510,no
15518,no
15520,no
15527,no
15528,no
15531,no
15533,no
15537,no
15540,no
15541,no
15553,no
15556,no
15557,no
15560,no
15567,no
15569,no
15573,no
15580,no
15584,no
15587,no
15590,no
15596,no
15599,no
15623,no
15626,no
15640,no
15651,no
15655,no
15670,no
15672,no
15684,no
15687,no
15699,no
15707,no
15713,no
15714,no
15716,no
15728,no
15733,no
15736,no
15738,no
15739,no
15740,no
15745,no
15747,no
15755,no
15759,no
15760,no
15761,no
15762,no
15763,no
15768,no
15771,no
15772,no
15773,no
15783,no
15795,no
15797,no
15805,no
15807,no
15816,no
15823,no
15825,no
15826,no
15830,no
15831,no
15839,no
15845,no
15850,no
15851,no
15853,no
15854,no
15858,no
15860,no
15874,no
15881,no
15892,no
15893,no
15902,no
15906,no
15910,no
15916,no
15918,no
15924,no
15925,no
15944,no
15974,no
15990,no
15997,no
16002,no
16011,no
16013,no
16020,no
16031,no
16041,no
16043,no
16051,no
16057,no
16063,no
16075,no
16077,no
16079,no
16084,no
16086,no
16088,no
16089,no
16095,no
16096,no
16102,no
16104,no
16106,no
16127,no
16130,no
16143,no
16148,no
16157,no
16159,no
16182,no
16187,no
16190,no
16192,no
16220,no
16229,no
16233,no
16235,no
16237,no
16240,no
16243,no
16247,no
16248,no
16252,no
16254,no
16257,no
16260,no
16261,no
16268,no
16274,no
16276,no
16277,no
16278,no
16279,no
16281,no
16284,no
16287,no
16305,no
16318,no
16322,no
16327,no
16332,no
16334,no
16342,no
16343,no
16346,no
16347,no
16352,no
16360,no
16372,no
16374,no
16395,no
16405,no
16408,no
16411,no
16415,no
16416,no
16421,no
16424,no
16441,no
16443,no
16447,no
16457,no
16460,no
16461,no
16476,no
16477,no
16478,no
16481,no
16488,no
16496,no
16503,no
16511,no
16512,no
16513,no
16516,no
16534,no
16536,no
16543,no
16547,no
16548,no
16561,no
16562,no
16565,no
16573,no
16575,no
16577,no
16578,no
16591,no
16613,no
16614,no
16620,no
16628,no
16630,no
16641,no
16643,no
16649,no
16655,no
16660,no
16662,no
16670,no
16674,no
16676,no
16679,no
16681,no
16686,no
16687,no
16691,no
16696,no
16700,no
16702,no
16710,no
16712,no
16714,no
16730,no
16734,no
16740,no
16746,no
16749,no
16761,no
16773,no
16777,no
16778,no
16779,no
16781,no
16783,no
16784,no
16788,no
16789,no
16792,no
16795,no
16796,no
16798,no
16800,no
16802,no
16805,no
16809,no
16811,no
16820,no
16841,no
16843,no
16845,no
16846,no
16847,no
16852,no
16861,no
16862,no
16866,no
16867,no
16869,no
16872,no
16873,no
16875,no
16881,no
16883,no
16884,no
16891,no
16894,no
16895,no
16898,no
16907,no
16909,no
16918,no
16923,no
16929,no
16936,no
16937,no
16957,no
16959,no
16962,no
16966,no
16975,no
16976,no
16977,no
16978,no
16992,no
16997,no
16999,no
17000,no
17004,no
17005,no
17007,no
17011,no
17022,no
17029,no
17036,no
17047,no
17052,no
17061,no
17065,no
17071,no
17076,no
17090,no
17094,no
17098,no
17103,no
17111,no
17114,no
17149,no
17150,no
17154,no
17155,no
17160,no
17162,no
17164,no
17165,no
17172,no
17173,no
17176,no
17177,no
17181,no
17182,no
17184,no
17199,no
17209,no
17219,no
17227,no
17234,no
17241,no
17243,no
17247,no
17248,no
17253,no
17258,no
17260,no
17261,no
17264,no
17266,no
17271,no
17272,no
17283,no
17294,no
17295,no
17304,no
17307,no
17312,no
17314,no
17318,no
17322,no
17324,no
17332,no
17334,no
17339,no
17345,no
17346,no
17349,no
17353,no
17354,no
17359,no
17361,no
17364,no
17374,no
17375,no
17376,no
17387,no
17395,no
17397,no
17401,no
17405,no
17412,no
17415,no
17423,no
17429,no
17430,no
17431,no
17434,no
17446,no
17451,no
17455,no
17460,no
17466,no
17468,no
17472,no
17477,no
17480,no
17486,no
17488,no
17492,no
17496,no
17502,no
17505,no
17519,no
17521,no
17522,no
17524,no
17527,no
17532,no
17540,no
17547,no
17564,no
17565,no
17568,no
17573,no
17580,no
17587,no
17589,no
17594,no
17598,no
17602,no
17603,no
17604,no
17606,no
17608,no
17625,no
17629,no
17632,no
17642,no
17651,no
17653,no
17667,no
17672,no
17676,no
17677,no
17680,no
17689,no
17691,no
17695,no
17699,no
17704,no
17705,no
17706,no
17707,no
17709,no
17713,no
17720,no
17725,no
17740,no
17741,no
17764,no
17769,no
17773,no
17775,no
17779,no
17782,no
17789,no
17799,no
17801,no
17808,no
17813,no
17819,no
17827,no
17829,no
17831,no
17837,no
17838,no
17854,no
17858,no
17860,no
17861,no
17873,no
17884,no
17889,no
17892,no
17893,no
17899,no
17904,no
17908,no
17914,no
17918,no
17923,no
17926,no
17928,no
17930,no
17934,no
17935,no
17940,no
17952,no
17962,no
17968,no
17985,no
17989,no
17994,no
18001,no
18003,no
18004,no
18011,no
18018,no
18019,no
18029,no
18030,no
18031,no
18037,no
18039,no
18041,no
18047,no
18050,no
18055,no
18060,no
18062,no
18069,no
18070,no
18073,no
18090,no
18093,no
18094,no
18096,no
18097,no
18099,no
18101,no
18104,no
18118,no
18133,no
18138,no
18139,no
18140,no
18145,no
18147,no
18151,no
18152,no
18160,no
18162,no
18172,no
18174,no
18182,no
18191,no
18192,no
18194,no
18199,no
18206,no
18207,no
18216,no
18223,no
18229,no
18230,no
18239,no
18242,no
18243,no
18245,no
18249,no
18255,no
18256,no
18260,no
18263,no
18265,no
18266,no
18283,no
18285,no
18289,no
18292,no
18294,no
18298,no
18303,no
18310,no
18317,no
18318,no
18319,no
18320,no
18325,no
18326,no
18336,no
18348,no
18351,no
18356,no
18357,no
18359,no
18360,no
18362,no
18368,no
18373,no
18376,no
18380,no
18382,no
18387,no
18391,no
18397,no
18412,no
18413,no
18417,no
18424,no
18425,no
18427,no
18428,no
18437,no
18440,no
18441,no
18449,no
18450,no
18463,no
18465,no
18466,no
18468,no
18469,no
18471,no
18478,no
18485,no
18494,no
18505,no
18506,no
18508,no
18510,no
18524,no
18527,no
18528,no
18530,no
18541,no
18544,no
18548,no
18549,no
18550,no
18555,no
18561,no
18564,no
18571,no
18573,no
18574,no
18576,no
18589,no
18595,no
18598,no
18604,no
18613,no
18616,no
18626,no
18630,no
18631,no
18638,no
18644,no
18650,no
18652,no
18654,no
18660,no
18661,no
18672,no
18675,no
18679,no
18686,no
18689,no
18693,no
18694,no
18698,no
18699,no
18701,no
18705,no
18711,no
18723,no
18727,no
18731,no
18734,no
18735,no
18737,no
18742,no
18749,no
18750,no
18752,no
18754,no
18758,no
18761,no
18762,no
18763,no
18770,no
18772,no
18779,no
18782,no
18789,no
18790,no
18796,no
18797,no
18800,no
18801,no
18805,no
18808,no
18809,no
18810,no
18811,no
18813,no
18814,no
18822,no
18829,no
18834,no
18836,no
18838,no
18842,no
18853,no
18856,no
18866,no
18876,no
18877,no
18882,no
18888,no
18891,no
18901,no
18903,no
18912,no
18914,no
18916,no
18922,no
18925,no
18927,no
18930,no
18931,no
18936,no
18937,no
18945,no
18951,no
18953,no
18954,no
18956,no
18958,no
18960,no
18962,no
18965,no
18975,no
18984,no
18987,no
18988,no
18995,no
19007,no
19009,no
19011,no
19027,no
19028,no
19031,no
19046,no
19047,no
19049,no
19057,no
19061,no
19064,no
19065,no
19074,no
19084,no
19093,no
19098,no
19099,no
19102,no
19103,no
19105,no
19116,no
19124,no
19126,no
19135,no
19142,no
19155,no
19160,no
19161,no
19168,no
19169,no
19171,no
19188,no
19203,no
19205,no
19211,no
19219,no
19223,no
19229,no
19232,no
19233,no
19234,no
19235,no
19244,no
19247,no
19251,no
19258,no
19261,no
19262,no
19266,no
19278,no
19286,no
19293,no
19297,no
19298,no
19300,no
19303,no
19310,no
19312,no
19316,no
19324,no
19344,no
19359,no
19366,no
19370,no
19372,no
19382,no
19388,no
19394,no
19397,no
19398,no
19408,no
19412,no
19419,no
19423,no
19429,no
19434,no
19443,no
19447,no
19450,no
19463,no
19465,no
19466,no
19467,no
19471,no
19478,no
19490,no
19492,no
19494,no
19502,no
19503,no
19510,no
19516,no
19521,no
19524,no
19538,no
19542,no
19546,no
19551,no
19554,no
19555,no
19556,no
19561,no
19565,no
19568,no
19576,no
19577,no
19589,no
19607,no
19609,no
19612,no
19613,no
19615,no
19619,no
19627,no
19629,no
19632,no
19645,no
19647,no
19649,no
19652,no
19655,no
19658,no
19659,no
19662,no
19672,no
19676,no
19677,no
19681,no
19684,no
19686,no
19689,no
19692,no
19704,no
19709,no
19717,no
19723,no
19729,no
19731,no
19735,no
19738,no
19739,no
19740,no
19741,no
19744,no
19748,no
19758,no
19762,no
19767,no
19768,no
19773,no
19779,no
19784,no
19789,no
19795,no
19800,no
19801,no
19803,no
19804,no
19806,no
19816,no
19820,no
19828,no
19830,no
19831,no
19839,no
19842,no
19846,no
19849,no
19851,no
19853,no
19861,no
19862,no
19867,no
19871,no
19878,no
19883,no
19884,no
19887,no
19894,no
19895,no
19907,no
19913,no
19917,no
19938,no
19939,no
19948,no
19949,no
19950,no
19952,no
19961,no
19964,no
19966,no
19973,no
19985,no
19986,no
19995,no
20004,no
20006,no
20009,no
20021,no
20023,no
20031,no
20032,no
20034,no
20035,no
20037,no
20038,no
20039,no
20043,no
20059,no
20067,no
20070,no
20074,no
20077,no
20081,no
20085,no
20086,no
20089,no
20097,no
20100,no
20104,no
20106,no
20107,no
20110,no
20118,no
20120,no
20121,no
20122,no
20123,no
20153,no
20157,no
20160,no
20161,no
20167,no
20169,no
20171,no
20173,no
20174,no
20175,no
20182,no
20183,no
20190,no
20194,no
20196,no
20197,no
20202,no
20204,no
20207,no
20210,no
20212,no
20232,no
20233,no
20241,no
20270,no
20271,no
20281,no
20289,no
20298,no
20301,no
20302,no
20304,no
20308,no
20312,no
20313,no
20321,no
20329,no
20332,no
20334,no
20339,no
20345,no
20347,no
20359,no
20360,no
20362,no
20368,no
20375,no
20391,no
20404,no
20411,no
20413,no
20419,no
20423,no
20431,no
20433,no
20434,no
20439,no
20440,no
20447,no
20450,no
20452,no
20454,no
20456,no
20466,no
20467,no
20472,no
20482,no
20483,no
20486,no
20489,no
20490,no
20502,no
20529,no
20531,no
20542,no
20545,no
20548,no
20552,no
20567,no
20570,no
20578,no
20582,no
20583,no
20585,no
20591,no
20596,no
20600,no
20601,no
20612,no
20616,no
20617,no
20625,no
20633,no
20639,no
20643,no
20646,no
20654,no
20656,no
20657,no
20661,no
20662,no
20663,no
20665,no
20669,no
20670,no
20671,no
20673,no
20677,no
20678,no
20684,no
20685,no
20695,no
20697,no
20700,no
20711,no
20712,no
20716,no
20734,no
20736,no
20751,no
20773,no
20779,no
20783,no
20793,no
20797,no
20799,no
20800,no
20804,no
20808,no
20810,no
20827,no
20835,no
20836,no
20845,no
20852,no
20853,no
20857,no
20861,no
20863,no
20866,no
20871,no
20876,no
20880,no
20884,no
20890,no
20891,no
20896,no
20899,no
20905,no
20909,no
20910,no
20914,no
20917,no
20922,no
20925,no
20928,no
20939,no
20942,no
20943,no
20945,no
20946,no
20952,no
20955,no
20963,no
20971,no
20989,no
20993,no
20994,no
20996,no
20999,no
21003,no
21009,no
21010,no
21011,no
21013,no
21016,no
21037,no
21042,no
21044,no
21045,no
21061,no
21067,no
21070,no
21078,no
21080,no
21085,no
21086,no
21088,no
21090,no
21092,no
21093,no
21098,no
21104,no
21106,no
21109,no
21112,no
21113,no
21114,no
21119,no
21121,no
21124,no
21125,no
21129,no
21133,no
21137,no
21142,no
21143,no
21150,no
21159,no
21166,no
21182,no
21183,no
21188,no
21189,no
21198,no
21202,no
21204,no
21210,no
21212,no
21218,no
21224,no
21230,no
21257,no
21270,no
21271,no
21273,no
21277,no
21279,no
21281,no
21283,no
21284,no
21300,no
21303,no
21309,no
21316,no
21319,no
21327,no
21331,no
21334,no
21336,no
21345,no
21351,no
21352,no
21354,no
21360,no
21363,no
21365,no
21373,no
21374,no
21376,no
21379,no
21388,no
21394,no
21399,no
21402,no
21403,no
21405,no
21409,no
21410,no
21412,no
21418,no
21423,no
21424,no
21430,no
21438,no
21440,no
21447,no
21451,no
21458,no
21461,no
21476,no
21481,no
21494,no
21500,no
21511,no
21515,no
21532,no
21533,no
21551,no
21553,no
21558,no
21560,no
21566,no
21569,no
21589,no
21591,no
21592,no
21595,no
21598,no
21603,no
21604,no
21613,no
21619,no
21623,no
21624,no
21629,no
21640,no
21645,no
21647,no
21652,no
21654,no
21656,no
21658,no
21670,no
21671,no
21689,no
21695,no
21700,no
21703,no
21711,no
21717,no
21725,no
21728,no
21732,no
21746,no
21749,no
21755,no
21758,no
21765,no
21772,no
21776,no
21778,no
21782,no
21789,no
21790,no
21797,no
21798,no
21809,no
21814,no
21815,no
21817,no
21820,no
21824,no
21825,no
21827,no
21830,no
21833,no
21836,no
21840,no
21842,no
21875,no
21879,no
21880,no
21895,no
21898,no
21906,no
21908,no
21910,no
21917,no
21918,no
21923,no
21927,no
21931,no
21939,no
21941,no
21950,no
21954,no
21962,no
21963,no
21969,no
21983,no
21990,no
21993,no
21999,no
22009,no
22013,no
22015,no
22017,no
22024,no
22032,no
22033,no
22039,no
22041,no
22042,no
22044,no
22051,no
22053,no
22056,no
22057,no
22061,no
22066,no
22068,no
22076,no
22080,no
22083,no
22088,no
22089,no
22091,no
22104,no
22110,no
22112,no
22128,no
22129,no
22131,no
22134,no
22168,no
22177,no
22185,no
22190,no
22193,no
22194,no
22205,no
22207,no
22208,no
22211,no
22215,no
22223,no
22227,no
22231,no
22232,no
22233,no
22241,no
22245,no
22251,no
22252,no
22253,no
22255,no
22257,no
22260,no
22272,no
22274,no
22278,no
22297,no
22300,no
22303,no
22304,no
22312,no
22315,no
22328,no
22333,no
22362,no
22366,no
22379,no
22387,no
22388,no
22395,no
22397,no
22401,no
22406,no
22408,no
22413,no
22414,no
22429,no
22430,no
22432,no
22437,no
22439,no
22464,no
22469,no
22473,no
22488,no
22496,no
22503,no
22506,no
22517,no
22525,no
22528,no
22531,no
22534,no
22539,no
22552,no
22554,no
22559,no
22561,no
22568,no
22572,no
22576,no
22578,no
22580,no
22585,no
22587,no
22600,no
22610,no
22635,no
22638,no
22641,no
22642,no
22644,no
22646,no
22650,no
22654,no
22662,no
22663,no
22667,no
22668,no
22674,no
22691,no
22695,no
22699,no
22706,no
22708,no
22709,no
22721,no
22725,no
22729,no
22756,no
22760,no
22765,no
22782,no
22790,no
22791,no
22794,no
22800,no
22802,no
22812,no
22831,no
22832,no
22837,no
22844,no
22851,no
22854,no
22855,no
22864,no
22865,no
22870,no
22874,no
22875,no
22876,no
22878,no
22879,no
22885,no
22898,no
22900,no
22901,no
22902,no
22909,no
22913,no
22915,no
22920,no
22924,no
22933,no
22934,no
22938,no
22939,no
22948,no
22959,no
22961,no
22963,no
22966,no
22967,no
22970,no
22977,no
22982,no
22984,no
22986,no
22992,no
22996,no
23006,no
23007,no
23017,no
23020,no
23021,no
23022,no
23038,no
23043,no
23050,no
23052,no
23058,no
23059,no
23062,no
23067,no
23072,no
23075,no
23078,no
23084,no
23089,no
23102,no
23106,no
23107,no
23111,no
23115,no
23122,no
23125,no
23133,no
23135,no
23142,no
23145,no
23146,no
23157,no
23162,no
23166,no
23167,no
23169,no
23186,no
23188,no
23190,no
23197,no
23198,no
23199,no
23202,no
23207,no
23212,no
23222,no
23229,no
23239,no
23240,no
23241,no
23242,no
23251,no
23256,no
23260,no
23264,no
23268,no
23278,no
23282,no
23302,no
23307,no
23315,no
23320,no
23323,no
23328,no
23340,no
23344,no
23346,no
23347,no
23348,no
23349,no
23351,no
23356,no
23364,no
23366,no
23368,no
23379,no
23382,no
23385,no
23387,no
23389,no
23393,no
23402,no
23404,no
23410,no
23411,no
23414,no
23417,no
23419,no
23423,no
23425,no
23428,no
23431,no
23434,no
23437,no
23441,no
23446,no
23448,no
23455,no
23457,no
23466,no
23473,no
23477,no
23478,no
23495,no
23501,no
23503,no
23507,no
23509,no
23512,no
23515,no
23518,no
23521,no
23525,no
23546,no
23548,no
23561,no
23567,no
23571,no
23574,no
23581,no
23586,no
23593,no
23594,no
23595,no
23600,no
23602,no
23609,no
23614,no
23619,no
23621,no
23628,no
23631,no
23632,no
23641,no
23648,no
23650,no
23665,no
23668,no
23673,no
23674,no
23679,no
23685,no
23686,no
23689,no
23694,no
23698,no
23703,no
23704,no
23706,no
23707,no
23714,no
23722,no
23724,no
23750,no
23757,no
23765,no
23772,no
23776,no
23777,no
23782,no
23786,no
23788,no
23789,no
23790,no
23798,no
23800,no
23811,no
23815,no
23818,no
23820,no
23825,no
23828,no
23829,no
23838,no
23841,no
23843,no
23844,no
23845,no
23856,no
23860,no
23862,no
23864,no
23865,no
23876,no
23877,no
23881,no
23884,no
23888,no
23901,no
23903,no
23909,no
23911,no
23919,no
23920,no
23929,no
23941,no
23943,no
23948,no
23951,no
23952,no
23956,no
23959,no
23971,no
23988,no
23990,no
23992,no
23997,yes
24007,yes
24015,yes
24018,yes
24025,yes
24026,yes
24031,yes
24041,yes
24043,yes
24057,yes
24059,yes
24063,yes
24065,no
24073,no
24086,no
24090,no
24103,no
24104,no
24110,no
24113,no
24114,no
24125,no
24128,no
24142,no
24144,no
24145,no
24151,no
24157,no
24160,no
24169,no
24171,no
24175,no
24178,no
24191,no
24192,no
24194,no
24196,no
24197,no
24204,no
24212,no
24214,no
24242,no
24253,no
24255,no
24274,no
24282,no
24285,no
24293,no
24294,no
24295,no
24318,no
24320,no
24325,no
24332,no
24335,no
24355,no
24358,no
24379,no
24381,no
24383,no
24386,no
24387,no
24388,no
24391,no
24394,no
24395,no
24398,no
24401,no
24402,no
24411,no
24421,no
24422,no
24431,no
24432,no
24435,no
24438,no
24439,no
24444,no
24454,no
24463,no
24474,no
24475,no
24476,no
24479,no
24494,no
24495,no
24500,no
24514,no
24517,no
24524,no
24527,no
24528,no
24532,no
24551,no
24556,no
24557,no
24559,no
24574,no
24575,no
24584,no
24593,no
24595,no
24597,no
24608,no
24609,no
24610,no
24612,no
24617,no
24618,no
24620,no
24628,no
24630,no
24633,no
24638,no
24642,no
24645,no
24647,no
24648,no
24656,no
24660,no
24661,no
24663,no
24664,no
24665,no
24666,no
24671,no
24678,no
24683,no
24684,no
24691,no
24700,no
24705,no
24708,no
24711,no
24712,no
24722,no
24725,no
24733,no
24743,no
24751,no
24752,no
24755,no
24760,no
24761,no
24765,no
24767,no
24771,no
24778,no
24783,no
24788,no
24789,no
24797,no
24804,no
24810,no
24820,no
24823,no
24825,no
24830,no
24831,no
24846,no
24847,no
24850,no
24851,no
24857,no
24859,no
24863,no
24864,no
24872,no
24884,no
24888,no
24892,no
24894,no
24903,no
24908,no
24909,no
24917,no
24918,no
24921,no
24928,no
24933,no
24942,no
24945,no
24947,no
24951,no
24963,no
24964,no
24974,no
24976,no
24979,no
24988,no
24993,no
25012,no
25022,no
25027,no
25030,no
25042,no
25046,no
25047,no
25061,no
25063,no
25074,no
25077,no
25080,no
25086,no
25100,no
25106,no
25109,no
25111,no
25112,no
25115,no
25126,no
25134,no
25135,no
25136,no
25137,no
25139,no
25155,no
25160,no
25161,no
25163,no
25165,no
25176,no
25181,no
25190,no
25194,no
25202,no
25210,no
25219,no
25220,no
25224,no
25230,no
25237,no
25238,no
25250,no
25253,no
25255,no
25264,no
25267,no
25270,no
25271,no
25277,no
25287,no
25292,no
25303,no
25304,no
25305,no
25307,no
25311,no
25315,no
25323,no
25325,no
25334,no
25335,no
25339,no
25352,no
25357,no
25367,no
25370,no
25374,no
25375,no
25379,no
25389,no
25393,no
25405,no
25408,no
25412,no
25422,no
25427,no
25431,no
25436,no
25439,no
25442,no
25444,no
25450,no
25451,no
25470,no
25477,no
25483,no
25490,no
25493,no
25496,no
25498,no
25501,no
25506,no
25515,no
25531,no
25545,no
25553,no
25564,no
25566,no
25577,no
25581,no
25585,no
25590,no
25592,no
25593,no
25599,no
25603,no
25604,no
25606,no
25610,no
25623,no
25624,no
25628,no
25631,no
25634,no
25637,no
25640,no
25642,no
25656,no
25662,no
25666,no
25667,no
25676,no
25677,no
25678,no
25679,no
25680,no
25683,no
25688,no
25689,no
25697,no
25700,no
25702,no
25703,no
25710,no
25717,no
25720,no
25724,no
25728,no
25736,no
25739,no
25742,no
25745,no
25750,no
25757,no
25766,no
25768,no
25777,no
25780,no
25781,no
25786,no
25788,no
25791,no
25810,no
25812,no
25820,no
25822,no
25823,no
25824,no
25832,no
25842,no
25848,no
25853,no
25860,no
25863,no
25867,no
25872,no
25878,no
25880,no
25884,no
25885,no
25890,no
25891,no
25926,no
25938,no
25941,no
25946,no
25949,no
25950,no
25953,no
25957,no
25960,no
25961,no
25973,no
25986,no
25989,no
25992,no
25993,no
25995,no
26010,no
26016,no
26028,no
26034,no
26036,no
26039,no
26040,no
26052,no
26054,no
26055,no
26059,no
26061,no
26062,no
26074,no
26083,no
26085,no
26091,no
26092,no
26093,no
26097,no
26107,no
26111,no
26116,no
26119,no
26120,no
26122,no
26123,no
26126,no
26129,no
26132,no
26133,no
26135,no
26137,no
26141,no
26142,no
26153,no
26156,no
26157,no
26158,no
26168,no
26169,no
26171,no
26173,no
26180,no
26182,no
26192,no
26201,no
26204,no
26222,no
26229,no
26230,no
26236,no
26237,no
26247,no
26249,no
26251,no
26255,no
26256,no
26262,no
26280,no
26287,no
26292,no
26296,no
26304,no
26305,no
26306,no
26310,no
26317,no
26327,no
26329,no
26343,no
26346,no
26349,no
26352,no
26363,no
26365,no
26366,no
26367,no
26369,no
26378,no
26381,no
26382,no
26396,no
26398,no
26399,no
26407,no
26412,no
26426,no
26430,no
26435,no
26436,no
26447,no
26453,no
26455,no
26466,no
26469,no
26471,no
26472,no
26474,no
26477,no
26478,no
26480,no
26482,no
26488,no
26494,no
26507,no
26510,no
26511,no
26521,no
26543,no
26546,no
26549,no
26550,no
26566,no
26567,no
26569,no
26570,no
26575,no
26578,no
26589,no
26592,no
26595,no
26604,no
26610,no
26622,no
26623,no
26640,no
26651,no
26655,no
26663,no
26671,no
26672,no
26673,no
26675,no
26680,no
26682,no
26690,no
26698,no
26700,no
26709,no
26710,no
26719,no
26721,no
26725,no
26726,no
26731,no
26742,no
26745,no
26750,no
26751,no
26752,no
26754,no
26766,no
26767,no
26768,no
26770,no
26779,no
26783,no
26788,no
26791,no
26792,no
26798,no
26800,no
26803,no
26807,no
26809,no
26812,no
26821,no
26824,no
26826,no
26841,no
26855,no
26869,no
26870,no
26878,no
26879,no
26889,no
26894,no
26900,no
26902,no
26906,no
26910,no
26912,no
26916,no
26933,no
26935,no
26936,no
26957,no
26958,no
26967,no
26970,no
26973,no
26987,no
26988,no
26989,no
26992,no
26995,no
27001,no
27005,no
27019,no
27020,no
27030,no
27036,no
27038,no
27041,no
27042,no
27043,no
27046,no
27056,no
27057,no
27066,no
27067,no
27069,no
27070,no
27071,no
27072,no
27089,no
27093,no
27096,no
27098,no
27101,no
27103,no
27109,no
27111,no
27124,no
27131,no
27136,no
27138,no
27148,no
27156,no
27168,no
27172,no
27174,no
27178,no
27187,no
27189,no
27195,no
27197,no
27198,no
27202,no
27205,no
27211,no
27217,no
27231,no
27241,no
27258,no
27259,no
27263,no
27266,no
27268,no
27269,no
27270,no
27271,no
27276,no
27285,no
27287,no
27288,no
27291,no
27298,no
27313,no
27321,no
27323,no
27336,no
27338,no
27339,no
27341,no
27343,no
27344,no
27347,no
27348,no
27351,no
27352,no
27353,no
27354,no
27355,no
27365,no
27372,no
27377,no
27390,no
27392,no
27393,no
27398,no
27402,no
27406,no
27407,no
27412,no
27415,no
27419,no
27425,no
27431,no
27433,no
27434,no
27441,no
27445,no
27446,no
27448,no
27454,no
27462,no
27468,no
27475,no
27478,no
27481,no
27487,no
27489,no
27495,no
27498,no
27506,no
27518,no
27520,no
27524,no
27536,no
27541,no
27549,no
27556,no
27561,no
27562,no
27565,no
27566,no
27575,no
27578,no
27587,no
27596,no
27597,no
27600,no
27601,no
27610,no
27614,no
27623,no
27627,no
27628,no
27629,no
27632,no
27634,no
27635,no
27640,no
27642,no
27647,no
27654,no
27660,no
27662,no
27663,no
27666,no
27669,no
27672,no
27686,no
27687,no
27688,no
27692,no
27711,no
27715,no
27718,no
27726,no
27729,yes
27735,no
27736,no
27738,no
27752,no
27757,no
27776,no
27782,no
27787,no
27791,no
27793,no
27794,no
27796,yes
27800,yes
27803,no
27810,yes
27822,no
27829,yes
27840,yes
27841,no
27843,no
27847,no
27855,no
27866,no
27867,no
27870,no
27871,no
27875,no
27883,no
27887,no
27888,no
27890,no
27893,yes
27895,no
27906,no
27913,no
27921,no
27930,no
27937,no
27948,no
27954,yes
27968,no
27974,no
27978,no
27987,no
27988,no
27992,no
27993,no
27996,no
28003,no
28006,no
28011,no
28036,no
28041,no
28049,no
28053,no
28055,no
28057,no
28064,no
28074,no
28081,no
28094,no
28107,no
28111,no
28114,no
28115,no
28119,no
28122,yes
28124,no
28128,no
28130,no
28131,no
28148,no
28153,no
28163,no
28164,no
28165,no
28174,no
28182,no
28198,no
28201,no
28207,no
28208,no
28230,no
28232,no
28233,no
28235,no
28244,no
28245,no
28247,no
28252,no
28255,no
28260,no
28264,no
28267,no
28271,no
28272,no
28281,no
28286,no
28287,no
28290,no
28293,no
28294,no
28298,no
28299,no
28304,no
28307,no
28318,no
28328,no
28331,no
28335,no
28338,no
28361,no
28372,no
28375,no
28377,no
28379,no
28384,no
28390,no
28391,no
28394,no
28407,no
28408,no
28417,no
28419,no
28432,no
28435,no
28443,no
28453,no
28465,no
28469,no
28470,no
28491,no
28492,no
28497,no
28509,no
28512,no
28513,no
28517,no
28519,no
28523,no
28526,no
28529,no
28530,no
28532,no
28534,no
28538,no
28539,no
28545,no
28546,no
28554,no
28555,no
28561,no
28564,no
28587,no
28588,no
28589,no
28596,no
28601,no
28607,no
28612,no
28616,no
28622,yes
28624,no
28632,no
28634,no
28635,no
28636,no
28651,no
28656,no
28657,no
28660,no
28673,no
28680,no
28693,no
28697,no
28703,no
28718,no
28723,no
28730,no
28732,no
28733,no
28737,no
28739,no
28745,no
28746,no
28749,no
28759,no
28770,no
28771,no
28777,no
28796,no
28804,no
28805,no
28826,no
28830,yes
28832,no
28841,no
28845,no
28854,no
28856,no
28859,no
28864,no
28873,no
28874,no
28875,no
28879,no
28890,no
28894,no
28909,no
28913,no
28925,no
28927,no
28934,no
28944,no
28949,no
28951,no
28953,no
28961,no
28963,no
28966,no
28978,no
28981,no
28982,no
28983,no
28986,no
28989,no
28994,no
28998,no
29004,no
29007,no
29017,no
29019,no
29024,no
29036,no
29037,no
29038,no
29042,no
29043,no
29044,no
29056,no
29064,no
29067,no
29073,no
29078,no
29079,no
29082,no
29083,no
29084,no
29088,no
29091,no
29107,no
29121,no
29131,no
29142,no
29151,no
29153,no
29160,no
29163,no
29171,no
29174,no
29176,no
29182,no
29197,no
29198,no
29200,no
29207,no
29208,no
29213,no
29214,no
29220,no
29226,no
29233,no
29234,no
29236,no
29240,no
29252,no
29264,no
29265,no
29267,no
29268,no
29270,no
29290,no
29291,no
29293,no
29314,no
29316,no
29320,no
29321,no
29325,no
29330,no
29334,no
29338,no
29339,no
29340,no
29346,no
29348,no
29355,no
29357,no
29358,no
29359,no
29368,no
29372,no
29379,no
29380,no
29391,no
29394,no
29397,no
29416,no
29418,no
29421,no
29422,no
29426,no
29428,no
29432,no
29441,no
29445,no
29446,no
29453,no
29455,no
29463,no
29468,no
29470,no
29481,no
29489,no
29496,no
29503,no
29507,no
29518,no
29525,no
29535,no
29537,no
29539,no
29540,no
29545,no
29556,no
29564,no
29566,no
29573,no
29575,no
29578,no
29579,no
29586,no
29587,no
29591,no
29593,no
29595,no
29601,no
29614,no
29617,no
29621,no
29622,no
29626,no
29629,no
29631,no
29633,no
29640,no
29648,no
29656,no
29661,no
29662,no
29664,no
29671,no
29681,no
29684,no
29691,no
29695,no
29697,no
29701,no
29705,no
29706,no
29717,no
29720,no
29730,no
29732,no
29733,no
29746,no
29755,no
29758,no
29777,no
29781,no
29788,no
29792,no
29794,no
29796,no
29802,no
29808,no
29813,no
29814,no
29822,no
29825,no
29829,no
29840,no
29841,no
29844,no
29847,no
29853,no
29860,no
29864,no
29867,no
29881,no
29884,no
29887,no
29893,no
29895,no
29903,no
29908,no
29912,no
29913,no
29918,no
29924,no
29928,no
29929,no
29932,no
29933,no
29938,no
29945,no
29946,no
29947,no
29952,no
29968,no
29969,no
29970,no
29972,no
29974,no
29978,no
29983,no
29988,no
29992,no
30006,no
30018,no
30022,no
30023,no
30027,no
30028,no
30030,no
30034,no
30041,no
30047,no
30048,no
30050,no
30052,no
30060,no
30061,no
30071,no
30095,no
30099,no
30100,no
30104,no
30105,no
30107,no
30117,no
30126,no
30127,no
30129,no
30131,no
30133,no
30136,no
30141,no
30148,no
30150,no
30154,no
30163,no
30165,no
30167,no
30172,no
30176,no
30178,no
30188,yes
30190,no
30191,no
30201,no
30214,no
30216,no
30228,no
30229,no
30234,no
30254,no
30260,no
30262,no
30263,no
30267,no
30275,no
30296,no
30302,no
30308,no
30311,yes
30313,no
30324,no
30326,no
30330,no
30334,no
30339,no
30346,no
30348,no
30352,no
30356,no
30360,no
30361,no
30375,no
30380,no
30383,no
30390,no
30403,no
30417,yes
30431,no
30432,no
30434,no
30435,no
30438,no
30439,no
30450,no
30454,no
30455,no
30460,no
30464,no
30466,no
30472,no
30474,no
30476,no
30479,no
30480,no
30483,no
30487,no
30492,no
30495,no
30497,no
30500,no
30501,no
30502,no
30504,no
30507,no
30508,no
30509,no
30517,no
30518,no
30523,no
30525,no
30529,no
30532,no
30536,no
30537,no
30542,no
30545,no
30546,no
30549,no
30569,no
30578,no
30581,no
30585,no
30589,no
30594,no
30616,no
30621,no
30627,no
30635,no
30640,no
30643,no
30653,no
30655,no
30676,no
30685,no
30690,no
30693,no
30696,no
30697,no
30705,no
30708,no
30710,no
30712,no
30715,no
30720,no
30721,no
30722,no
30730,no
30735,no
30736,no
30743,no
30753,no
30757,no
30767,no
30773,no
30774,no
30775,no
30782,no
30783,no
30787,no
30793,no
30803,no
30806,no
30834,no
30836,no
30837,no
30839,no
30842,no
30846,no
30851,no
30856,no
30859,no
30862,no
30870,no
30872,no
30876,no
30877,no
30879,no
30899,no
30900,no
30903,no
30909,no
30923,no
30931,no
30933,no
30955,no
30956,no
30959,no
30964,no
30973,no
30975,no
30978,no
30982,no
30990,no
30993,no
31001,no
31003,no
31005,no
31006,no
31013,no
31022,no
31033,no
31045,no
31052,no
31055,no
31060,no
31069,no
31079,no
31082,no
31083,no
31084,no
31090,no
31098,no
31102,no
31117,no
31118,no
31121,no
31124,no
31127,no
31129,no
31130,no
31137,no
31140,no
31144,no
31147,no
31150,no
31152,no
31156,no
31160,no
31161,no
31175,no
31176,no
31178,no
31192,no
31195,no
31201,no
31206,no
31211,no
31212,no
31213,no
31215,no
31216,no
31218,no
31223,no
31224,no
31239,no
31240,no
31251,no
31260,no
31265,no
31268,no
31271,no
31272,no
31273,no
31281,no
31282,no
31284,no
31293,no
31297,no
31298,no
31301,no
31307,no
31310,no
31320,no
31325,no
31332,no
31333,no
31334,no
31337,no
31340,no
31341,no
31344,no
31348,no
31351,no
31354,no
31359,no
31362,no
31363,no
31384,no
31388,no
31390,no
31392,no
31396,no
31400,no
31401,no
31403,no
31413,no
31422,no
31429,no
31435,no
31453,no
31460,no
31474,no
31476,no
31484,no
31486,no
31487,no
31492,no
31498,no
31499,no
31500,no
31507,no
31510,no
31511,no
31514,no
31524,no
31532,no
31541,no
31543,no
31551,no
31560,no
31562,no
31593,no
31594,no
31596,no
31603,no
31607,no
31609,no
31612,no
31617,no
31625,no
31633,no
31634,no
31637,no
31638,no
31647,no
31651,no
31658,no
31662,no
31665,no
31670,no
31682,no
31688,no
31704,no
31709,no
31718,no
31722,no
31730,no
31732,no
31737,no
31741,no
31743,no
31744,no
31751,no
31758,no
31762,no
31765,no
31768,no
31775,no
31783,no
31790,no
31799,no
31803,no
31804,no
31806,no
31807,no
31809,no
31820,no
31822,no
31826,no
31839,no
31844,no
31849,no
31860,no
31862,no
31866,no
31867,no
31870,no
31873,no
31874,no
31880,no
31883,no
31885,no
31889,no
31892,no
31898,no
31901,no
31903,no
31908,no
31909,no
31916,no
31920,no
31926,no
31940,no
31944,no
31948,no
31951,no
31953,no
31966,no
31971,no
31972,no
31973,no
31977,no
31986,no
31989,no
31990,no
31994,no
31995,no
31997,no
32006,no
32019,no
32021,no
32033,no
32044,no
32050,no
32051,no
32053,no
32069,no
32073,no
32084,no
32086,no
32092,no
32101,no
32110,no
32118,no
32127,no
32128,no
32132,no
32140,no
32147,no
32154,no
32155,no
32159,no
32164,no
32167,no
32168,no
32172,no
32184,no
32187,no
32188,no
32198,no
32205,no
32219,no
32221,no
32241,no
32248,no
32250,no
32251,no
32252,no
32258,no
32269,no
32274,no
32277,no
32279,no
32282,no
32283,no
32285,no
32287,no
32290,no
32292,no
32296,no
32297,no
32302,no
32305,no
32306,no
32310,no
32318,no
32334,no
32336,no
32338,no
32340,no
32341,no
32348,no
32369,no
32371,no
32372,no
32375,no
32384,no
32386,no
32399,no
32403,no
32406,no
32408,no
32411,no
32414,no
32417,no
32423,no
32433,no
32438,no
32442,no
32460,no
32464,no
32468,no
32481,no
32484,no
32486,no
32488,no
32490,no
32493,no
32494,no
32500,no
32501,no
32502,no
32510,no
32513,no
32515,no
32519,no
32523,no
32528,no
32529,no
32531,no
32534,no
32535,no
32538,no
32540,no
32554,no
32559,no
32562,no
32577,no
32583,no
32584,no
32586,no
32591,no
32598,no
32607,no
32608,no
32619,no
32622,no
32625,no
32636,no
32640,no
32642,no
32647,no
32655,no
32657,no
32663,no
32668,no
32669,no
32683,no
32693,no
32700,no
32702,no
32707,no
32711,no
32713,no
32716,no
32718,no
32720,no
32725,no
32730,no
32731,no
32737,no
32745,no
32747,no
32755,no
32756,no
32758,no
32763,no
32764,no
32779,no
32781,no
32785,no
32786,no
32787,no
32791,no
32793,no
32806,no
32812,no
32822,no
32825,no
32826,no
32829,no
32832,no
32839,no
32841,no
32847,no
32848,no
32849,no
32850,no
32854,no
32861,no
32869,no
32873,no
32884,no
32888,no
32889,no
32894,no
32898,no
32899,no
32905,no
32908,no
32917,no
32923,no
32930,no
32932,no
32935,no
32939,no
32942,no
32949,no
32955,no
32961,no
32962,no
32966,no
32978,no
32982,no
32984,no
32988,no
32992,no
32996,no
33001,no
33005,no
33009,no
33013,no
33019,no
33023,no
33024,no
33026,no
33031,no
33032,no
33042,no
33044,no
33049,no
33051,no
33055,no
33059,no
33066,no
33073,no
33074,no
33075,no
33077,no
33081,no
33087,no
33089,no
33097,no
33098,no
33100,no
33104,no
33109,no
33113,no
33114,no
33118,no
33119,no
33121,no
33129,no
33131,no
33140,no
33144,no
33148,no
33153,no
33163,no
33165,no
33185,no
33189,no
33190,no
33195,no
33199,no
33202,no
33211,no
33213,no
33216,no
33220,no
33225,no
33228,no
33229,no
33234,no
33242,no
33248,no
33249,no
33262,no
33267,no
33276,no
33279,no
33284,no
33291,no
33300,no
33302,no
33309,no
33310,no
33311,no
33312,no
33315,no
33318,no
33322,no
33334,no
33336,no
33337,no
33341,no
33347,no
33357,no
33363,no
33364,no
33371,no
33379,no
33381,no
33383,no
33388,no
33389,no
33391,no
33392,no
33393,no
33394,no
33404,no
33405,no
33406,no
33408,no
33411,no
33415,no
33419,no
33422,no
33426,no
33434,no
33435,no
33453,no
33456,no
33457,no
33465,no
33467,no
33473,no
33477,no
33478,no
33480,no
33486,no
33487,no
33492,no
33497,no
33498,no
33508,no
33510,no
33512,no
33520,no
33522,no
33530,no
33532,no
33538,no
33542,no
33547,no
33555,no
33560,no
33561,no
33562,no
33567,no
33574,no
33578,no
33599,no
33601,no
33604,no
33617,no
33620,no
33624,no
33625,no
33626,no
33632,no
33635,no
33638,no
33641,no
33644,no
33647,no
33656,no
33659,no
33666,no
33668,no
33671,no
33682,no
33696,no
33702,no
33706,no
33710,no
33721,no
33735,no
33741,no
33746,no
33748,no
33749,no
33751,no
33766,no
33771,no
33772,no
33784,no
33787,no
33788,no
33796,no
33797,no
33798,no
33820,no
33825,no
33828,no
33831,no
33832,no
33843,no
33849,no
33853,no
33856,no
33883,no
33884,no
33886,no
33893,no
33894,no
33898,no
33899,no
33910,no
33915,no
33923,no
33924,no
33926,no
33942,no
33947,no
33951,no
33956,no
33962,no
33966,no
33967,no
33983,no
33988,no
33990,no
33991,no
33997,no
34010,no
34029,no
34032,no
34033,no
34039,no
34049,no
34050,no
34051,no
34053,no
34057,no
34058,no
34060,no
34066,no
34067,no
34068,no
34070,no
34071,no
34073,no
34086,no
34089,no
34092,no
34093,no
34097,no
34106,no
34120,no
34123,no
34139,no
34143,no
34154,no
34161,no
34168,no
34171,no
34173,no
34178,no
34185,no
34186,no
34194,no
34197,no
34198,no
34199,no
34211,no
34212,no
34213,no
34220,no
34226,no
34240,no
34259,no
34261,no
34267,no
34271,no
34285,no
34286,no
34298,no
34310,no
34312,no
34314,no
34319,no
34322,no
34325,no
34328,no
34332,no
34339,no
34350,no
34351,no
34352,no
34356,no
34357,no
34359,no
34368,no
34372,no
34376,no
34380,no
34383,no
34384,no
34398,no
34407,no
34421,no
34422,no
34430,no
34431,no
34436,no
34439,no
34444,no
34448,no
34459,no
34462,no
34468,no
34471,no
34482,no
34486,no
34491,no
34492,no
34493,no
34498,no
34500,no
34507,no
34510,no
34514,no
34518,no
34519,no
34520,no
34523,no
34532,no
34534,no
34542,no
34543,no
34549,no
34556,no
34571,no
34572,no
34579,no
34580,no
34592,no
34599,no
34600,no
34610,no
34621,no
34623,no
34628,no
34632,no
34633,no
34639,no
34640,no
34641,no
34643,no
34649,no
34653,no
34654,no
34655,no
34674,no
34681,no
34684,no
34686,no
34713,no
34717,no
34722,no
34728,no
34735,no
34741,no
34745,no
34746,no
34748,no
34750,no
34758,no
34760,no
34766,no
34767,no
34774,no
34780,no
34785,no
34795,no
34798,no
34799,no
34801,no
34806,no
34808,no
34810,no
34811,no
34816,no
34824,no
34826,no
34829,no
34834,no
34836,no
34837,no
34850,no
34856,no
34860,no
34866,no
34869,no
34870,no
34875,no
34885,no
34887,no
34888,no
34894,no
34896,no
34901,no
34902,no
34906,no
34909,no
34911,no
34912,no
34918,no
34919,no
34924,no
34931,no
34933,no
34937,no
34940,no
34941,no
34943,no
34964,no
34966,no
34969,no
34970,no
34980,no
34985,no
34989,no
34992,no
35016,no
35028,no
35034,no
35038,no
35043,no
35044,no
35049,no
35060,no
35066,no
35071,no
35074,no
35078,no
35087,no
35092,no
35100,no
35102,no
35106,no
35110,no
35111,no
35112,no
35113,no
35125,no
35131,no
35133,no
35134,no
35140,no
35144,no
35148,no
35151,no
35155,no
35161,no
35165,no
35166,no
35168,no
35174,no
35178,no
35188,no
35196,no
35198,no
35202,no
35203,no
35211,no
35213,no
35221,no
35227,no
35231,no
35234,no
35238,no
35240,no
35241,no
35244,no
35263,no
35269,no
35271,no
35273,no
35275,no
35278,no
35287,no
35288,no
35290,no
35298,no
35303,no
35306,no
35307,no
35308,no
35312,no
35314,no
35317,no
35321,no
35329,no
35332,no
35333,no
35341,no
35352,no
35358,no
35361,no
35368,no
35373,no
35374,no
35376,no
35388,no
35402,no
35407,no
35413,no
35415,no
35422,no
35424,no
35426,no
35429,no
35436,no
35446,no
35451,no
35458,no
35460,no
35462,no
35463,no
35466,no
35471,no
35474,no
35476,no
35479,no
35491,no
35494,no
35498,no
35509,no
35510,no
35523,no
35528,no
35531,no
35533,no
35534,no
35538,no
35542,no
35546,no
35551,no
35558,no
35559,no
35565,no
35569,no
35570,no
35574,no
35582,no
35585,no
35588,no
35595,no
35597,yes
35604,no
35610,no
35624,no
35632,no
35635,no
35643,no
35645,no
35646,no
35648,no
35651,no
35655,no
35659,no
35660,no
35661,no
35669,no
35675,no
35686,no
35689,no
35695,no
35707,no
35711,no
35723,no
35737,no
35745,no
35750,no
35760,no
35774,no
35781,no
35785,no
35792,no
35793,no
35797,no
35807,no
35808,no
35811,no
35815,no
35819,no
35838,no
35843,no
35846,no
35851,no
35853,no
35866,no
35867,no
35870,no
35874,no
35876,no
35877,no
35885,no
35889,no
35891,no
35905,no
35909,no
35922,no
35925,no
35926,no
35930,no
35931,no
35934,no
35952,no
35960,no
35962,no
35966,no
35968,no
35970,no
35971,no
35974,no
35979,no
35980,no
35986,no
35988,no
35997,no
36000,no
36003,no
36007,no
36010,no
36020,no
36040,no
36042,no
36047,no
36051,no
36058,no
36063,no
36064,no
36073,no
36074,no
36078,no
36079,no
36083,no
36087,no
36091,no
36098,no
36100,no
36108,no
36109,no
36130,no
36139,no
36140,no
36141,no
36160,no
36163,no
36164,no
36169,no
36176,no
36177,no
36179,no
36182,no
36184,no
36186,no
36187,no
36190,no
36194,no
36196,no
36198,no
36199,no
36202,no
36204,no
36208,no
36212,no
36215,no
36220,no
36222,no
36223,no
36230,no
36241,no
36242,no
36246,no
36247,no
36248,no
36257,no
36258,no
36263,no
36269,no
36273,no
36275,no
36277,no
36279,no
36286,no
36287,no
36289,no
36298,no
36315,no
36322,no
36324,no
36325,no
36326,no
36338,no
36339,no
36342,yes
36343,no
36351,no
36352,no
36358,no
36367,no
36368,yes
36369,no
36373,no
36376,no
36379,no
36386,no
36389,no
36396,no
36401,yes
36412,no
36413,no
36416,no
36417,no
36420,no
36421,no
36426,no
36431,no
36437,no
36442,no
36445,no
36448,no
36449,no
36458,no
36462,no
36472,no
36480,no
36491,no
36515,no
36516,no
36517,no
36522,no
36531,yes
36543,no
36544,no
36547,no
36549,no
36550,no
36551,no
36557,yes
36559,no
36560,no
36561,no
36562,no
36570,no
36571,no
36572,no
36573,no
36577,no
36588,yes
36592,no
36598,no
36605,no
36606,yes
36607,no
36611,yes
36617,no
36618,no
36622,no
36632,no
36638,no
36643,no
36652,yes
36660,yes
36673,no
36676,no
36678,no
36692,no
36696,no
36701,no
36702,no
36709,no
36722,yes
36725,no
36727,no
36729,no
36746,no
36755,no
36761,no
36764,no
36773,no
36784,no
36793,no
36796,no
36798,no
36800,no
36801,no
36810,no
36818,no
36821,no
36826,no
36827,no
36828,no
36829,no
36830,no
36834,no
36837,no
36838,no
36843,no
36846,no
36848,no
36849,no
36864,no
36868,no
36876,no
36877,no
36888,no
36898,no
36899,no
36905,no
36910,no
36912,no
36916,no
36929,no
36936,no
36937,no
36938,no
36940,yes
36941,no
36946,no
36947,no
36955,no
36959,no
36966,no
36969,no
36971,yes
36979,no
36983,no
36987,no
36988,no
36990,no
37009,no
37016,no
37017,no
37019,no
37021,yes
37023,no
37024,no
37027,no
37039,no
37042,no
37057,no
37060,no
37063,no
37073,no
37080,no
37087,no
37100,no
37103,yes
37115,no
37116,no
37125,no
37132,no
37134,no
37138,no
37140,yes
37151,no
37158,no
37159,no
37161,no
37164,no
37166,no
37168,no
37169,yes
37177,no
37181,no
37202,no
37206,no
37208,no
37209,no
37211,no
37219,no
37240,no
37242,no
37243,no
37249,no
37250,no
37258,no
37259,no
37264,yes
37265,no
37269,no
37270,no
37271,no
37275,no
37277,no
37278,no
37292,yes
37293,no
37296,no
37301,no
37303,no
37310,no
37311,no
37312,yes
37314,no
37315,no
37325,no
37328,yes
37341,no
37349,no
37356,yes
37360,no
37369,no
37371,no
37376,yes
37384,no
37388,yes
37399,no
37405,yes
37406,no
37413,no
37419,no
37420,yes
37422,no
37424,no
37429,no
37430,no
37441,no
37444,yes
37446,no
37450,no
37455,no
37463,no
37464,no
37466,no
37469,no
37479,no
37480,no
37481,no
37485,no
37487,no
37491,no
37492,no
37496,no
37512,no
37515,no
37526,no
37529,no
37530,no
37535,yes
37540,no
37553,no
37555,yes
37559,no
37573,no
37579,no
37587,no
37590,yes
37592,no
37601,no
37617,no
37618,no
37619,no
37630,no
37640,no
37641,no
37644,no
37656,no
37659,no
37668,no
37674,no
37676,no
37705,no
37706,no
37714,no
37715,no
37728,no
37729,yes
37744,no
37754,no
37765,no
37770,no
37779,yes
37780,no
37781,no
37783,no
37784,no
37786,yes
37789,yes
37800,no
37804,no
37814,no
37817,no
37823,no
37825,no
37827,yes
37830,no
37843,no
37846,no
37848,no
37851,no
37854,no
37870,no
37874,no
37876,no
37878,no
37882,no
37886,no
37891,no
37895,no
37901,no
37903,no
37905,no
37907,yes
37918,yes
37926,no
37938,no
37943,no
37947,no
37959,no
37962,no
37970,yes
37972,no
37976,no
37984,no
37994,no
38000,yes
38001,no
38013,no
38017,no
38021,no
38025,no
38026,no
38027,no
38029,no
38030,no
38035,no
38042,no
38044,no
38045,no
38054,no
38056,no
38060,no
38062,no
38064,no
38071,yes
38077,yes
38084,yes
38094,no
38096,no
38101,no
38103,no
38104,no
38114,yes
38120,no
38123,no
38127,no
38129,no
38138,yes
38142,no
38144,no
38145,no
38164,no
38167,no
38168,no
38174,no
38175,no
38183,no
38187,no
38196,no
38198,no
38201,no
38207,no
38210,no
38213,no
38221,no
38225,no
38231,no
38235,no
38239,no
38243,no
38248,no
38252,no
38253,no
38259,no
38260,no
38262,no
38263,no
38265,no
38274,yes
38285,no
38293,no
38303,no
38314,yes
38325,yes
38330,yes
38332,no
38339,no
38350,yes
38358,no
38361,yes
38364,no
38367,no
38372,no
38379,no
38382,no
38384,no
38394,no
38400,yes
38402,no
38404,no
38414,yes
38422,no
38424,no
38427,no
38429,no
38432,yes
38441,no
38450,no
38451,no
38457,yes
38458,no
38459,no
38462,no
38463,no
38477,no
38478,no
38487,yes
38493,no
38502,no
38511,no
38513,no
38514,no
38517,no
38519,no
38522,no
38525,no
38541,yes
38542,no
38544,no
38548,no
38553,no
38559,no
38563,no
38572,no
38573,no
38581,no
38589,no
38592,no
38596,no
38599,no
38602,no
38608,no
38619,no
38620,yes
38622,no
38625,yes
38628,no
38629,no
38630,no
38635,no
38646,no
38647,no
38648,no
38653,no
38657,no
38662,no
38663,no
38665,no
38666,no
38680,no
38681,no
38684,no
38687,yes
38694,no
38699,no
38701,no
38706,no
38710,yes
38723,no
38725,no
38729,no
38733,no
38736,no
38738,no
38739,no
38740,no
38756,yes
38763,no
38766,no
38768,no
38773,no
38788,no
38794,no
38796,yes
38808,no
38810,yes
38817,yes
38823,yes
38827,yes
38830,no
38831,yes
38836,no
38837,yes
38838,no
38841,yes
38851,no
38861,no
38867,no
38868,no
38874,yes
38879,no
38880,yes
38881,no
38882,no
38887,no
38888,no
38898,yes
38900,no
38909,yes
38918,no
38925,no
38933,no
38934,no
38935,no
38938,yes
38949,yes
38953,no
38964,yes
38975,no
38987,yes
38996,no
38998,yes
39002,yes
39014,yes
39016,no
39019,yes
39022,yes
39023,yes
39040,yes
39043,yes
39056,yes
39057,no
39064,no
39066,yes
39075,no
39076,no
39092,no
39099,no
39101,yes
39111,no
39113,no
39118,yes
39119,no
39121,no
39122,yes
39134,yes
39137,yes
39144,no
39150,no
39154,yes
39159,yes
39164,yes
39166,no
39170,no
39171,yes
39174,no
39176,no
39177,no
39178,no
39189,no
39193,no
39199,no
39202,yes
39215,yes
39217,no
39221,yes
39228,yes
39230,yes
39247,no
39260,no
39265,no
39268,yes
39276,yes
39279,no
39280,yes
39282,yes
39298,no
39303,no
39304,no
39308,yes
39318,no
39322,yes
39325,yes
39327,yes
39332,no
39338,yes
39339,yes
39347,yes
39348,no
39350,yes
39361,no
39365,no
39366,no
39374,no
39381,no
39386,yes
39392,yes
39397,yes
39399,no
39410,no
39414,no
39416,no
39424,no
39428,no
39444,yes
39447,yes
39474,no
39475,yes
39484,yes
39507,no
39510,no
39524,no
39525,no
39534,no
39537,yes
39539,yes
39545,yes
39551,no
39557,yes
39570,yes
39571,no
39572,yes
39574,yes
39577,no
39579,yes
39582,yes
39584,yes
39590,no
39592,yes
39593,no
39599,no
39600,no
39604,no
39611,yes
39613,no
39616,yes
39617,no
39624,no
39630,no
39633,no
39640,yes
39649,yes
39651,yes
39654,yes
39655,yes
39658,yes
39660,yes
39668,yes
39675,yes
39693,yes
39695,no
39707,no
39713,no
39716,no
39717,no
39727,yes
39735,no
39739,no
39743,no
39751,no
39760,no
39762,no
39763,no
39766,no
39769,yes
39772,no
39776,no
39777,no
39778,no
39781,no
39782,no
39790,no
39791,yes
39800,no
39801,no
39805,no
39813,no
39817,no
39821,no
39823,yes
39824,no
39836,no
39839,no
39853,no
39855,no
39858,no
39864,no
39866,yes
39894,yes
39896,yes
39897,no
39900,no
39904,no
39910,no
39912,yes
39918,yes
39922,no
39926,no
39927,no
39928,no
39932,no
39936,no
39937,no
39941,yes
39945,no
39956,no
39961,no
39962,no
39963,no
39965,no
39972,no
39978,no
39989,no
39990,no
39992,yes
39995,no
40005,yes
40007,no
40008,no
40012,no
40018,no
40021,no
40033,no
40036,no
40041,no
40058,no
40067,yes
40069,no
40071,no
40075,no
40082,no
40084,no
40086,no
40088,no
40094,no
40102,no
40106,no
40109,no
40112,yes
40115,yes
40118,no
40126,yes
40143,no
40158,yes
40163,yes
40165,no
40167,yes
40174,yes
40183,yes
40191,no
40192,yes
40195,yes
40201,yes
40211,no
40213,no
40228,yes
40229,yes
40232,no
40233,no
40248,no
40257,yes
40258,no
40262,yes
40266,yes
40267,no
40271,yes
40276,yes
40285,no
40296,no
40301,yes
40303,yes
40311,no
40314,no
40318,yes
40320,no
40337,no
40345,no
40347,no
40350,no
40355,no
40358,yes
40360,yes
40367,yes
40371,no
40373,yes
40381,yes
40385,yes
40386,yes
40389,yes
40392,no
40400,yes
40401,no
40404,no
40412,yes
40416,yes
40419,yes
40422,no
40425,yes
40432,no
40444,no
40446,no
40447,yes
40450,yes
40453,no
40454,yes
40457,no
40460,no
40467,yes
40469,yes
40472,yes
40475,yes
40480,yes
40481,no
40490,yes
40493,no
40497,no
40500,no
40502,no
40504,yes
40505,no
40514,yes
40516,no
40519,no
40521,no
40527,no
40540,no
40542,no
40548,no
40555,yes
40556,yes
40572,no
40578,no
40586,yes
40589,yes
40590,no
40591,yes
40596,yes
40597,no
40604,yes
40607,yes
40608,no
40618,no
40622,no
40628,no
40632,no
40640,no
40643,yes
40646,no
40650,no
40653,yes
40657,no
40667,no
40673,no
40686,yes
40690,yes
40695,no
40696,no
40705,no
40708,no
40709,yes
40715,no
40724,no
40739,no
40741,yes
40751,no
40752,no
40754,no
40756,no
40757,no
40765,yes
40766,yes
40778,no
40786,yes
40790,no
40803,yes
40809,no
40810,no
40814,no
40818,no
40843,no
40847,no
40854,yes
40860,no
40866,yes
40883,no
40884,yes
40887,no
40892,no
40901,yes
40914,yes
40917,no
40922,no
40923,no
40928,no
40935,no
40939,no
40956,yes
40967,no
40973,yes
40975,no
40978,no
40979,no
40983,yes
40998,no
41011,yes
41012,yes
41015,no
41022,yes
41023,no
41025,no
41032,yes
41033,yes
41038,no
41040,yes
41041,no
41043,no
41044,yes
41049,no
41050,no
41071,no
41075,no
41080,no
41083,yes
41084,no
41086,yes
41090,yes
41091,no
41096,no
41099,yes
41101,yes
41105,no
41108,no
41127,no
41128,no
41129,no
41132,yes
41135,no
41142,no
41144,no
41149,no
41161,no
41172,yes
41174,yes
41177,no
41181,yes
41184,yes